Arquivo;Dia ou seção correspondente;Evidência da correspondência;Situação
exec-090d070a-c130-446d-b8c4-0e3d60ce8fa7.png;Dia 17;Capa gerada a partir do título e da Travessia IV conferidos no PDF;"Inserida; página 196"
exec-2b7b170b-85c5-4d58-840a-4009aceb345c.png;Dia 20;Capa gerada a partir do título e da Travessia IV conferidos no PDF;"Inserida; página 222"
exec-321be825-6142-430c-a797-4a542c761a80.png;Dia 19;Capa gerada a partir do título e da Travessia IV conferidos no PDF;"Inserida; página 212"
exec-4829b0cf-535d-41c5-aca2-68926383ec58.png;Travessia IV;Capa gerada a partir do título e da Travessia IV conferidos no PDF;"Inserida; página 185"
exec-d7925fe1-2765-478f-858f-d325abc0f987.png;Dia 16;Capa gerada a partir do título e da Travessia IV conferidos no PDF;"Inserida; página 187"
exec-ddc11855-7b7a-44d2-bd10-f4760d7dd9d9.png;Dia 18;Capa gerada a partir do título e da Travessia IV conferidos no PDF;"Inserida; página 204"
066F5069-998F-4FDE-B11A-311F3304A2C7.jpeg;Dia 21;Número e título conferidos visualmente e no PDF;"Inserida; página 232"
11BFED3E-FB7B-4FBE-B52B-E64FEABF7DC2(3).jpeg;Dia 05;Número e título conferidos visualmente e no PDF;"Inserida; página 70"
2C01FBD6-54F5-4573-ACFC-C5EE41600CFA.jpeg;Dia 26;Número e título conferidos visualmente e no PDF;"Inserida; página 282"
32267CB2-B4A5-4B0E-8228-769C5C90C240.jpeg;Dia 24;Número e título conferidos visualmente e no PDF;"Inserida; página 261"
38850200-B06C-4722-ABA5-899ECDC97B08.jpeg;Dia 22;Número e título conferidos visualmente e no PDF;"Inserida; página 241"
393867DD-F58E-410C-A725-3B8A3137A0D2.jpeg;Dia 12;Número e título conferidos visualmente e no PDF;"Inserida; página 143"
39734C7C-F697-4AE6-B53D-17A7556EF348.jpeg;Travessia VI;Número e título conferidos visualmente e no PDF;"Inserida; página 280"
42056B8F-92B5-4D3C-9957-0231FBE72A0D(3).jpeg;Dia 02;Número e título conferidos visualmente e no PDF;"Inserida; página 43"
43BFB794-8408-42AA-BB4A-CCAE5D833A2D.jpeg;Dia 29;Número e título conferidos visualmente e no PDF;"Inserida; página 307"
4C249BD5-EE79-40C8-8983-023525FE5078.jpeg;Dia 27;Número e título conferidos visualmente e no PDF;"Inserida; página 290"
628A9743-F13B-4068-A142-B2FF960982C5.jpeg;Dia 23;Número e título conferidos visualmente e no PDF;"Inserida; página 252"
633B18E3-A947-4A81-A47C-03FEDF130B45(3).jpeg;Dia 01;Número e título conferidos visualmente e no PDF;"Inserida; página 32"
63400F67-1A93-4543-8DD2-27731D4DFACF.jpeg;Dia 28;Número e título conferidos visualmente e no PDF;"Inserida; página 298"
74DB7635-6F28-4C3A-ABF0-D6D441F588A2(1).jpeg;Travessia II;Número e título conferidos visualmente e no PDF;"Inserida; página 79"
7893BF03-CF55-4283-ACFE-6FB5BD10DB2A(3).jpeg;Dia 04;Número e título conferidos visualmente e no PDF;"Inserida; página 61"
7A308E92-3C23-4A17-A9E7-ADF13EF3E804(3).jpeg;Dia 03;Número e título conferidos visualmente e no PDF;"Inserida; página 52"
8076AECB-BB50-4976-A06B-FB87DEB652C9.jpeg;Travessia III;Número e título conferidos visualmente e no PDF;"Inserida; página 132"
813ADB8B-C3F1-4D81-992F-EBD858EA60B9.jpeg;Dia 13;Número e título conferidos visualmente e no PDF;"Inserida; página 152"
890FFD2B-0484-4488-9396-6C52DD9208EF.jpeg;Dia 30;Número e título conferidos visualmente e no PDF;"Inserida; página 316"
8BD24ABB-5A8F-4264-971F-F20603B86023.jpeg;Dia 08;Número e título conferidos visualmente e no PDF;"Inserida; página 101"
91FDAF88-4DA5-4B7D-B9AF-C042FAA9C297.jpeg;Dia 26;Número e título conferidos visualmente e no PDF;"Duplicata exata; utilizada a imagem 2C01FBD6-54F5-4573-ACFC-C5EE41600CFA.jpeg"
9993753C-9438-4279-B924-635A514C94C6.jpeg;Dia 14;Número e título conferidos visualmente e no PDF;"Inserida; página 167"
A3C525A0-2368-462E-87D3-0C19894C1B07(3).jpeg;Travessia I;Número e título conferidos visualmente e no PDF;"Inserida; página 30"
A50E39BC-E3E1-4D87-81B6-EA0CA23B59AE.jpeg;Dia 27;Número e título conferidos visualmente e no PDF;"Duplicata exata; utilizada a imagem 4C249BD5-EE79-40C8-8983-023525FE5078.jpeg"
ACEBBA01-60EC-4196-A00E-ABB106A89320.jpeg;Travessia VI;Número e título conferidos visualmente e no PDF;"Duplicata exata; utilizada a imagem 39734C7C-F697-4AE6-B53D-17A7556EF348.jpeg"
B95B3068-59FD-4A86-9F17-A825BE6A3684.jpeg;Dia 09;Número e título conferidos visualmente e no PDF;"Inserida; página 111"
C0794C90-1294-4AC9-B5EC-E20E7CBD920C.jpeg;Travessia V;Número e título conferidos visualmente e no PDF;"Inserida; página 230"
C91F432E-01C0-4DF9-B76D-770E12A5E1F4.jpeg;Dia 25;Número e título conferidos visualmente e no PDF;"Inserida; página 270"
CE1FA715-4EB0-4883-B8A3-F1E2363FB454.jpeg;Dia 10;Número e título conferidos visualmente e no PDF;"Inserida; página 120"
CE8EB88A-0AA0-44FD-88E9-597E48193D6A.jpeg;Dia 30;Número e título conferidos visualmente e no PDF;"Duplicata exata; utilizada a imagem 890FFD2B-0484-4488-9396-6C52DD9208EF.jpeg"
CE97AAB4-FA4B-4549-9BD4-6B3C4E0A0B72.jpeg;Dia 11;Número e título conferidos visualmente e no PDF;"Inserida; página 134"
D03EFC74-518D-480E-8C7C-BD2D565ED03D.jpeg;Dia 15;Número e título conferidos visualmente e no PDF;"Inserida; página 176"
D8583678-B9F1-4AAC-9565-D724CE8E50A8(2).jpeg;Dia 06;Número e título conferidos visualmente e no PDF;"Inserida; página 81"
D923FC3B-D71B-46C6-A8DB-2D33766C3822.jpeg;Dia 28;Número e título conferidos visualmente e no PDF;"Duplicata exata; utilizada a imagem 63400F67-1A93-4543-8DD2-27731D4DFACF.jpeg"
DF0B89CE-416F-4B77-9B90-A1A50B7E4722(1).jpeg;Dia 07;Número e título conferidos visualmente e no PDF;"Inserida; página 91"
EC214228-FF07-4EC1-B345-9C97AFC36887.jpeg;Dia 29;Número e título conferidos visualmente e no PDF;"Duplicata exata; utilizada a imagem 43BFB794-8408-42AA-BB4A-CCAE5D833A2D.jpeg"
